{"ambient_temperature":"17.89","datetime":"Fri Jul 22 18:55:46 IST 2018","humidity":"74.5624","lat":36.17,"lng":-119.7462,"photo_sensor":"1010.2","radiation_level":"196","sensor_id":"c6698873b4f14b995c9e66ad0d8f29e3","sensor_name":"California","sensor_uuid":"probe-07c50091","timestamp":1504099546}
{"ambient_temperature":"24.24","datetime":"Fri Jul 22 17:36:43 IST 2018","humidity":"79.4242","lat":36.17,"lng":-119.7462,"photo_sensor":"1016.2","radiation_level":"200","sensor_id":"c6698873b4f14b995c9e66ad0d8f29e3","sensor_name":"California","sensor_uuid":"probe-5d00c1cc","timestamp":1504094803}
{"ambient_temperature":"20.42","datetime":"Fri Jul 22 16:07:35 IST 2018","humidity":"88.5369","lat":39.0646,"lng":-105.3272,"photo_sensor":"601.91","radiation_level":"199","sensor_id":"2d5831578ea970d0cfa664ede08b5f3c","sensor_name":"Colorado","sensor_uuid":"probe-02dfd837","timestamp":1504089455}
{"ambient_temperature":"20.42","datetime":"Fri Jul 22 16:07:35 IST 2018","humidity":"88.5369","lat":36.17,"lng":-119.7462,"photo_sensor":"601.91","radiation_level":"199","sensor_id":"c6698873b4f14b995c9e66ad0d8f29e3","sensor_name":"California","sensor_uuid":"probe-02dfd837","timestamp":1504089455}
{"ambient_temperature":"19.16","datetime":"Fri Jul 22 18:09:25 IST 2018","humidity":"84.5460","lat":36.17,"lng":-119.7462,"photo_sensor":"603.84","radiation_level":"201","sensor_id":"c6698873b4f14b995c9e66ad0d8f29e3","sensor_name":"California","sensor_uuid":"probe-86ac5123","timestamp":1504096765}
{"ambient_temperature":"22.09","datetime":"Fri Jul 22 18:35:54 IST 2018","humidity":"79.1603","lat":36.17,"lng":-119.7462,"photo_sensor":"607.02","radiation_level":"201","sensor_id":"c6698873b4f14b995c9e66ad0d8f29e3","sensor_name":"California","sensor_uuid":"probe-3907c7cd","timestamp":1504098354}
{"ambient_temperature":"19.41","datetime":"Fri Jul 22 18:01:45 IST 2018","humidity":"73.0935","lat":36.17,"lng":-119.7462,"photo_sensor":"607.65","radiation_level":"198","sensor_id":"c6698873b4f14b995c9e66ad0d8f29e3","sensor_name":"California","sensor_uuid":"probe-cf45ec42"}
{"ambient_temperature":"22.85","datetime":"Fri Jul 22 16:05:36 IST 2018","humidity":"86.1705","lat":39.0646,"lng":-105.3272,"photo_sensor":"609.42","radiation_level":"199","sensor_id":"2d5831578ea970d0cfa664ede08b5f3c","sensor_name":"Colorado","sensor_uuid":"probe-e0d5757b","timestamp":1504089336}
{"ambient_temperature":"17.92","datetime":"Fri Jul 22 19:08:48 IST 2018","humidity":"80.1502","lat":36.17,"lng":-119.7462,"photo_sensor":"610.62","radiation_level":"195","sensor_id":"c6698873b4f14b995c9e66ad0d8f29e3","sensor_name":"California","sensor_uuid":"probe-498aeb5d","timestamp":1504100328}
{"ambient_temperature":"22.02","datetime":"Fri Jul 22 15:56:24 IST 2018","humidity":"88.6016","lat":36.17,"lng":-119.7462,"photo_sensor":"612.71","radiation_level":"198","sensor_id":"c6698873b4f14b995c9e66ad0d8f29e3","sensor_name":"California","sensor_uuid":"probe-343ddc08","timestamp":1504088784}
{"ambient_temperature":"9.503","datetime":"Fri Jul 22 15:57:09 IST 2018","humidity":"79.0517","lat":36.17,"lng":-119.7462,"photo_sensor":"613.99","radiation_level":"197","sensor_id":"c6698873b4f14b995c9e66ad0d8f29e3","sensor_name":"California","sensor_uuid":"probe-0f2ffcbe","timestamp":1504088829}
{"ambient_temperature":"22.63","datetime":"Fri Jul 22 16:04:39 IST 2018","humidity":"79.0726","lat":39.0646,"lng":-105.3272,"photo_sensor":"615.84","radiation_level":"199","sensor_id":"2d5831578ea970d0cfa664ede08b5f3c","sensor_name":"Colorado","sensor_uuid":"probe-b8074aeb","timestamp":1504089279}
{"ambient_temperature":"30.35","datetime":"Fri Jul 22 16:13:31 IST 2018","humidity":"77.3787","lat":39.0646,"lng":-105.3272,"photo_sensor":"616.08","radiation_level":"201","sensor_id":"2d5831578ea970d0cfa664ede08b5f3c","sensor_name":"Colorado","sensor_uuid":"probe-e68ad9d1","timestamp":1504089811}
{"ambient_temperature":"21.20","datetime":"Fri Jul 22 18:19:27 IST 2018","humidity":"83.5561","lat":36.17,"lng":-119.7462,"photo_sensor":"618.87","radiation_level":"197","sensor_id":"c6698873b4f14b995c9e66ad0d8f29e3","sensor_name":"California","sensor_uuid":"probe-13f4fb8e","timestamp":1504097367}
{"ambient_temperature":"20.37","datetime":"Fri Jul 22 16:24:36 IST 2018","humidity":"89.3080","lat":36.17,"lng":-119.7462,"photo_sensor":"620.14","radiation_level":"199","sensor_id":"c6698873b4f14b995c9e66ad0d8f29e3","sensor_name":"California","sensor_uuid":"probe-90feee1f","timestamp":1504090476}
{"ambient_temperature":"13.72","datetime":"Fri Jul 22 18:21:38 IST 2018","humidity":"84.0951","lat":36.17,"lng":-119.7462,"photo_sensor":"620.60","radiation_level":"199","sensor_id":"c6698873b4f14b995c9e66ad0d8f29e3","sensor_name":"California","sensor_uuid":"probe-0e2c4372","timestamp":1504097498}
{"ambient_temperature":"23.95","datetime":"Fri Jul 22 15:55:37 IST 2018","humidity":"81.1799","lat":36.17,"lng":-119.7462,"photo_sensor":"624.10","radiation_level":"198","sensor_id":"c6698873b4f14b995c9e66ad0d8f29e3","sensor_name":"California","sensor_uuid":"probe-99f0dd28","timestamp":1504088737}
{"ambient_temperature":"17.91","datetime":"Fri Jul 22 17:54:44 IST 2018","humidity":"80.9583","lat":36.17,"lng":-119.7462,"photo_sensor":"624.25","radiation_level":"200","sensor_id":"c6698873b4f14b995c9e66ad0d8f29e3","sensor_name":"California","sensor_uuid":"probe-992238a6","timestamp":1504095884}
{"ambient_temperature":"18.67","datetime":"Fri Jul 22 18:47:38 IST 2018","humidity":"81.8750","lat":36.17,"lng":-119.7462,"photo_sensor":"625.42","radiation_level":"199","sensor_id":"c6698873b4f14b995c9e66ad0d8f29e3","sensor_name":"California","sensor_uuid":"probe-080b87cf","timestamp":1504099058}
{"ambient_temperature":"18.72","datetime":"Fri Jul 22 18:41:22 IST 2018","humidity":"79.2305","lat":36.17,"lng":-119.7462,"photo_sensor":"625.70","radiation_level":"202","sensor_id":"c6698873b4f14b995c9e66ad0d8f29e3","sensor_name":"California","sensor_uuid":"probe-4605bd93","timestamp":1504098682}
{"ambient_temperature":"35.97","datetime":"Fri Jul 22 15:46:01 IST 2018","humidity":"74.5627","lat":36.17,"lng":-119.7462,"photo_sensor":"627.16","radiation_level":"200","sensor_id":"c6698873b4f14b995c9e66ad0d8f29e3","sensor_name":"California","sensor_uuid":"probe-d866b031","timestamp":1504088161}
{"ambient_temperature":"21.87","datetime":"Fri Jul 22 17:48:36 IST 2018","humidity":"78.9403","lat":36.17,"lng":-119.7462,"photo_sensor":"627.44","radiation_level":"197","sensor_id":"c6698873b4f14b995c9e66ad0d8f29e3","sensor_name":"California","sensor_uuid":"probe-61f55753","timestamp":1504095516}
{"ambient_temperature":"29.86","datetime":"Fri Jul 22 17:35:51 IST 2018","humidity":"78.9173","lat":36.17,"lng":-119.7462,"photo_sensor":"628.95","radiation_level":"200","sensor_id":"c6698873b4f14b995c9e66ad0d8f29e3","sensor_name":"California","sensor_uuid":"probe-c4d7b8cb","timestamp":1504094751}
{"ambient_temperature":"24.80","datetime":"Fri Jul 22 16:17:00 IST 2018","humidity":"72.9599","lat":39.0646,"lng":-105.3272,"photo_sensor":"632.70","radiation_level":"196","sensor_id":"2d5831578ea970d0cfa664ede08b5f3c","sensor_name":"Colorado","sensor_uuid":"probe-cbadc105","timestamp":1504090020}
{"ambient_temperature":"24.80","datetime":"Fri Jul 22 16:17:00 IST 2018","humidity":"72.9599","lat":36.17,"lng":-119.7462,"photo_sensor":"632.70","radiation_level":"196","sensor_id":"c6698873b4f14b995c9e66ad0d8f29e3","sensor_name":"California","sensor_uuid":"probe-cbadc105","timestamp":1504090020}
{"ambient_temperature":"21.76","datetime":"Fri Jul 22 17:02:41 IST 2018","humidity":"81.7656","lat":36.17,"lng":-119.7462,"photo_sensor":"632.85","radiation_level":"200","sensor_id":"c6698873b4f14b995c9e66ad0d8f29e3","sensor_name":"California","sensor_uuid":"probe-01478ca5","timestamp":1504092761}
{"ambient_temperature":"19.37","datetime":"Fri Jul 22 16:14:53 IST 2018","humidity":"85.5914","lat":36.17,"lng":-119.7462,"photo_sensor":"633.09","radiation_level":"201","sensor_id":"c6698873b4f14b995c9e66ad0d8f29e3","sensor_name":"California","sensor_uuid":"probe-ae51a4b1","timestamp":1504089893}
{"ambient_temperature":"25.26","datetime":"Fri Jul 22 16:35:12 IST 2018","humidity":"81.6209","lat":36.17,"lng":-119.7462,"photo_sensor":"633.41","radiation_level":"198","sensor_id":"c6698873b4f14b995c9e66ad0d8f29e3","sensor_name":"California","sensor_uuid":"probe-c1788427","timestamp":1504091112}
{"ambient_temperature":"13.70","datetime":"Fri Jul 22 16:56:36 IST 2018","humidity":"82.2958","lat":39.0646,"lng":-105.3272,"photo_sensor":"634.14","radiation_level":"198","sensor_id":"2d5831578ea970d0cfa664ede08b5f3c","sensor_name":"Colorado","sensor_uuid":"probe-1de57a49","timestamp":1504092396}
{"ambient_temperature":"13.70","datetime":"Fri Jul 22 16:56:36 IST 2018","humidity":"82.2958","lat":36.17,"lng":-119.7462,"photo_sensor":"634.14","radiation_level":"198","sensor_id":"c6698873b4f14b995c9e66ad0d8f29e3","sensor_name":"California","sensor_uuid":"probe-1de57a49","timestamp":1504092396}
{"ambient_temperature":"17.38","datetime":"Fri Jul 22 16:06:28 IST 2018","humidity":"84.8323","lat":39.0646,"lng":-105.3272,"photo_sensor":"634.30","radiation_level":"201","sensor_id":"2d5831578ea970d0cfa664ede08b5f3c","sensor_name":"Colorado","sensor_uuid":"probe-8806dce9","timestamp":1504089388}
{"ambient_temperature":"17.38","datetime":"Fri Jul 22 16:06:28 IST 2018","humidity":"84.8323","lat":36.17,"lng":-119.7462,"photo_sensor":"634.30","radiation_level":"201","sensor_id":"c6698873b4f14b995c9e66ad0d8f29e3","sensor_name":"California","sensor_uuid":"probe-8806dce9","timestamp":1504089388}
{"ambient_temperature":"24.56","datetime":"Fri Jul 22 18:04:42 IST 2018","humidity":"72.4722","lat":36.17,"lng":-119.7462,"photo_sensor":"634.48","radiation_level":"198","sensor_id":"c6698873b4f14b995c9e66ad0d8f29e3","sensor_name":"California","sensor_uuid":"probe-8391ee17","timestamp":1504096482}
{"ambient_temperature":"11.09","datetime":"Fri Jul 22 18:47:08 IST 2018","humidity":"76.4749","lat":36.17,"lng":-119.7462,"photo_sensor":"634.91","radiation_level":"198","sensor_id":"c6698873b4f14b995c9e66ad0d8f29e3","sensor_name":"California","sensor_uuid":"probe-ed65eb99","timestamp":1504099028}
{"ambient_temperature":"18.24","datetime":"Fri Jul 22 16:19:09 IST 2018","humidity":"85.4873","lat":39.0646,"lng":-105.3272,"photo_sensor":"635.34","radiation_level":"201","sensor_id":"2d5831578ea970d0cfa664ede08b5f3c","sensor_name":"Colorado","sensor_uuid":"probe-bc46d5bd","timestamp":1504090149}
{"ambient_temperature":"20.59","datetime":"Fri Jul 22 17:03:11 IST 2018","humidity":"83.7976","lat":36.17,"lng":-119.7462,"photo_sensor":"635.63","radiation_level":"200","sensor_id":"c6698873b4f14b995c9e66ad0d8f29e3","sensor_name":"California","sensor_uuid":"probe-a0a5e8a4","timestamp":1504092791}
{"ambient_temperature":"19.54","datetime":"Fri Jul 22 18:24:29 IST 2018","humidity":"77.9423","lat":36.17,"lng":-119.7462,"photo_sensor":"635.91","radiation_level":"196","sensor_id":"c6698873b4f14b995c9e66ad0d8f29e3","sensor_name":"California","sensor_uuid":"probe-4120b32e","timestamp":1504097669}
{"ambient_temperature":"28.45","datetime":"Fri Jul 22 18:49:28 IST 2018","humidity":"85.2057","lat":36.17,"lng":-119.7462,"photo_sensor":"636.58","radiation_level":"200","sensor_id":"c6698873b4f14b995c9e66ad0d8f29e3","sensor_name":"California","sensor_uuid":"probe-aa3f17bd","timestamp":1504099168}
{"ambient_temperature":"41.89","datetime":"Fri Jul 22 18:10:53 IST 2018","humidity":"86.0415","lat":36.17,"lng":-119.7462,"photo_sensor":"636.61","radiation_level":"202","sensor_id":"c6698873b4f14b995c9e66ad0d8f29e3","sensor_name":"California","sensor_uuid":"probe-acc4a68a","timestamp":1504096853}
{"ambient_temperature":"25.50","datetime":"Fri Jul 22 16:40:46 IST 2018","humidity":"84.6515","lat":39.0646,"lng":-105.3272,"photo_sensor":"637.08","radiation_level":"200","sensor_id":"2d5831578ea970d0cfa664ede08b5f3c","sensor_name":"Colorado","sensor_uuid":"probe-9982eec4","timestamp":1504091446}
{"ambient_temperature":"19.16","datetime":"Fri Jul 22 18:12:55 IST 2018","humidity":"83.0496","lat":36.17,"lng":-119.7462,"photo_sensor":"637.20","radiation_level":"200","sensor_id":"c6698873b4f14b995c9e66ad0d8f29e3","sensor_name":"California","sensor_uuid":"probe-a756a1b1","timestamp":1504096975}
{"ambient_temperature":"26.64","datetime":"Fri Jul 22 15:31:34 IST 2018","humidity":"75.1971","lat":39.0646,"lng":-105.3272,"photo_sensor":"637.90","radiation_level":"201","sensor_id":"2d5831578ea970d0cfa664ede08b5f3c","sensor_name":"Colorado","sensor_uuid":"probe-33ed5421","timestamp":1504087294}
{"ambient_temperature":"13.01","datetime":"Fri Jul 22 16:41:51 IST 2018","humidity":"78.7467","lat":39.0646,"lng":-105.3272,"photo_sensor":"638.05","radiation_level":"202","sensor_id":"2d5831578ea970d0cfa664ede08b5f3c","sensor_name":"Colorado","sensor_uuid":"probe-a82c576a","timestamp":1504091511}
{"ambient_temperature":"19.89","datetime":"Fri Jul 22 17:32:56 IST 2018","humidity":"77.9736","lat":36.17,"lng":-119.7462,"photo_sensor":"639.22","radiation_level":"198","sensor_id":"c6698873b4f14b995c9e66ad0d8f29e3","sensor_name":"California","sensor_uuid":"probe-1ec7b364","timestamp":1504094576}
{"ambient_temperature":"22.06","datetime":"Fri Jul 22 18:55:42 IST 2018","humidity":"79.4372","lat":36.17,"lng":-119.7462,"photo_sensor":"639.45","radiation_level":"197","sensor_id":"c6698873b4f14b995c9e66ad0d8f29e3","sensor_name":"California","sensor_uuid":"probe-8acc24bf","timestamp":1504099542}
{"ambient_temperature":"22.30","datetime":"Fri Jul 22 18:20:34 IST 2018","humidity":"79.5198","lat":36.17,"lng":-119.7462,"photo_sensor":"640.13","radiation_level":"201","sensor_id":"c6698873b4f14b995c9e66ad0d8f29e3","sensor_name":"California","sensor_uuid":"probe-440b0c1b","timestamp":1504097434}
{"ambient_temperature":"18.48","datetime":"Fri Jul 22 18:15:47 IST 2018","humidity":"74.6408","lat":36.17,"lng":-119.7462,"photo_sensor":"640.38","radiation_level":"199","sensor_id":"c6698873b4f14b995c9e66ad0d8f29e3","sensor_name":"California","sensor_uuid":"probe-5d975cde","timestamp":1504097147}
{"ambient_temperature":"12.13","datetime":"Fri Jul 22 17:22:59 IST 2018","humidity":"82.5263","lat":36.17,"lng":-119.7462,"photo_sensor":"640.48","radiation_level":"200","sensor_id":"c6698873b4f14b995c9e66ad0d8f29e3","sensor_name":"California","sensor_uuid":"probe-b20e5307","timestamp":1504093979}
{"ambient_temperature":"13.65","datetime":"Fri Jul 22 17:31:17 IST 2018","humidity":"81.2626","lat":36.17,"lng":-119.7462,"photo_sensor":"641.24","radiation_level":"202","sensor_id":"c6698873b4f14b995c9e66ad0d8f29e3","sensor_name":"California","sensor_uuid":"probe-72ae434e","timestamp":1504094477}
{"ambient_temperature":"17.86","datetime":"Fri Jul 22 15:49:59 IST 2018","humidity":"80.5762","lat":36.17,"lng":-119.7462,"photo_sensor":"641.38","radiation_level":"195","sensor_id":"c6698873b4f14b995c9e66ad0d8f29e3","sensor_name":"California","sensor_uuid":"probe-250f21ca","timestamp":1504088399}
{"ambient_temperature":"14.68","datetime":"Fri Jul 22 18:48:10 IST 2018","humidity":"77.2330","lat":36.17,"lng":-119.7462,"photo_sensor":"641.75","radiation_level":"201","sensor_id":"c6698873b4f14b995c9e66ad0d8f29e3","sensor_name":"California","sensor_uuid":"probe-f9d42738","timestamp":1504099090}
{"ambient_temperature":"16.78","datetime":"Fri Jul 22 18:53:00 IST 2018","humidity":"81.7946","lat":36.17,"lng":-119.7462,"photo_sensor":"641.76","radiation_level":"199","sensor_id":"c6698873b4f14b995c9e66ad0d8f29e3","sensor_name":"California","sensor_uuid":"probe-5e79e4ed","timestamp":1504099380}
{"ambient_temperature":"20.06","datetime":"Fri Jul 22 16:20:19 IST 2018","humidity":"81.5344","lat":36.17,"lng":-119.7462,"photo_sensor":"642.06","radiation_level":"201","sensor_id":"c6698873b4f14b995c9e66ad0d8f29e3","sensor_name":"California","sensor_uuid":"probe-0fa0afcf","timestamp":1504090219}
{"ambient_temperature":"18.99","datetime":"Fri Jul 22 18:05:17 IST 2018","humidity":"78.8107","lat":36.17,"lng":-119.7462,"photo_sensor":"642.08","radiation_level":"202","sensor_id":"c6698873b4f14b995c9e66ad0d8f29e3","sensor_name":"California","sensor_uuid":"probe-466566ef","timestamp":1504096517}
{"ambient_temperature":"18.49","datetime":"Fri Jul 22 16:45:41 IST 2018","humidity":"80.2947","lat":39.0646,"lng":-105.3272,"photo_sensor":"642.29","radiation_level":"201","sensor_id":"2d5831578ea970d0cfa664ede08b5f3c","sensor_name":"Colorado","sensor_uuid":"probe-fbc6554e","timestamp":1504091741}
{"ambient_temperature":"28.88","datetime":"Fri Jul 22 17:55:33 IST 2018","humidity":"84.0757","lat":36.17,"lng":-119.7462,"photo_sensor":"642.31","radiation_level":"205","sensor_id":"c6698873b4f14b995c9e66ad0d8f29e3","sensor_name":"California","sensor_uuid":"probe-e1de105f","timestamp":1504095933}
{"ambient_temperature":"16.69","datetime":"Fri Jul 22 15:43:06 IST 2018","humidity":"76.5726","lat":36.17,"lng":-119.7462,"photo_sensor":"642.47","radiation_level":"200","sensor_id":"c6698873b4f14b995c9e66ad0d8f29e3","sensor_name":"California","sensor_uuid":"probe-ab945bf0","timestamp":1504087986}
{"ambient_temperature":"20.45","datetime":"Fri Jul 22 16:31:57 IST 2018","humidity":"75.9656","lat":39.0646,"lng":-105.3272,"photo_sensor":"642.64","radiation_level":"198","sensor_id":"2d5831578ea970d0cfa664ede08b5f3c","sensor_name":"Colorado","sensor_uuid":"probe-8b9173e4","timestamp":1504090917}
{"ambient_temperature":"20.45","datetime":"Fri Jul 22 16:31:57 IST 2018","humidity":"75.9656","lat":36.17,"lng":-119.7462,"photo_sensor":"642.64","radiation_level":"198","sensor_id":"c6698873b4f14b995c9e66ad0d8f29e3","sensor_name":"California","sensor_uuid":"probe-8b9173e4","timestamp":1504090917}
{"ambient_temperature":"10.02","datetime":"Fri Jul 22 16:06:41 IST 2018","humidity":"77.7487","lat":36.17,"lng":-119.7462,"photo_sensor":"642.73","radiation_level":"198","sensor_id":"c6698873b4f14b995c9e66ad0d8f29e3","sensor_name":"California","sensor_uuid":"probe-a6d80725","timestamp":1504089401}
{"ambient_temperature":"16.32","datetime":"Fri Jul 22 16:40:46 IST 2018","humidity":"84.6572","lat":39.0646,"lng":-105.3272,"photo_sensor":"642.94","radiation_level":"201","sensor_id":"2d5831578ea970d0cfa664ede08b5f3c","sensor_name":"Colorado","sensor_uuid":"probe-957157f0","timestamp":1504091446}
{"ambient_temperature":"15.64","datetime":"Fri Jul 22 17:56:45 IST 2018","humidity":"81.8145","lat":36.17,"lng":-119.7462,"photo_sensor":"643.06","radiation_level":"201","sensor_id":"c6698873b4f14b995c9e66ad0d8f29e3","sensor_name":"California","sensor_uuid":"probe-50fd6088","timestamp":1504096005}
{"ambient_temperature":"24.57","datetime":"Fri Jul 22 17:49:59 IST 2018","humidity":"85.7154","lat":36.17,"lng":-119.7462,"photo_sensor":"643.13","radiation_level":"197","sensor_id":"c6698873b4f14b995c9e66ad0d8f29e3","sensor_name":"California","sensor_uuid":"probe-1b1673cb","timestamp":1504095599}
{"ambient_temperature":"18.86","datetime":"Fri Jul 22 18:04:17 IST 2018","humidity":"81.2747","lat":36.17,"lng":-119.7462,"photo_sensor":"643.52","radiation_level":"201","sensor_id":"c6698873b4f14b995c9e66ad0d8f29e3","sensor_name":"California","sensor_uuid":"probe-c08cc64a","timestamp":1504096457}
{"ambient_temperature":"24.77","datetime":"Fri Jul 22 18:47:48 IST 2018","humidity":"82.4443","lat":36.17,"lng":-119.7462,"photo_sensor":"644.07","radiation_level":"198","sensor_id":"c6698873b4f14b995c9e66ad0d8f29e3","sensor_name":"California","sensor_uuid":"probe-e082ed6b","timestamp":1504099068}
{"ambient_temperature":"24.22","datetime":"Fri Jul 22 17:43:19 IST 2018","humidity":"84.5430","lat":36.17,"lng":-119.7462,"photo_sensor":"644.16","radiation_level":"197","sensor_id":"c6698873b4f14b995c9e66ad0d8f29e3","sensor_name":"California","sensor_uuid":"probe-ed828a32","timestamp":1504095199}
{"ambient_temperature":"17.84","datetime":"Fri Jul 22 16:39:48 IST 2018","humidity":"82.9086","lat":36.17,"lng":-119.7462,"photo_sensor":"644.34","radiation_level":"199","sensor_id":"c6698873b4f14b995c9e66ad0d8f29e3","sensor_name":"California","sensor_uuid":"probe-bac3082d","timestamp":1504091388}
{"ambient_temperature":"13.60","datetime":"Fri Jul 22 18:08:40 IST 2018","humidity":"79.9818","lat":36.17,"lng":-119.7462,"photo_sensor":"644.45","radiation_level":"199","sensor_id":"c6698873b4f14b995c9e66ad0d8f29e3","sensor_name":"California","sensor_uuid":"probe-7587e326","timestamp":1504096720}
{"ambient_temperature":"16.47","datetime":"Fri Jul 22 18:16:09 IST 2018","humidity":"73.9535","lat":36.17,"lng":-119.7462,"photo_sensor":"644.51","radiation_level":"199","sensor_id":"c6698873b4f14b995c9e66ad0d8f29e3","sensor_name":"California","sensor_uuid":"probe-96e93603","timestamp":1504097169}
{"ambient_temperature":"20.84","datetime":"Fri Jul 22 17:35:34 IST 2018","humidity":"84.2222","lat":36.17,"lng":-119.7462,"photo_sensor":"644.57","radiation_level":"202","sensor_id":"c6698873b4f14b995c9e66ad0d8f29e3","sensor_name":"California","sensor_uuid":"probe-0dc9a1d7","timestamp":1504094734}
{"ambient_temperature":"28.04","datetime":"Fri Jul 22 16:26:50 IST 2018","humidity":"75.6415","lat":39.0646,"lng":-105.3272,"photo_sensor":"645.32","radiation_level":"200","sensor_id":"2d5831578ea970d0cfa664ede08b5f3c","sensor_name":"Colorado","sensor_uuid":"probe-780afc05","timestamp":1504090610}
{"ambient_temperature":"21.60","datetime":"Fri Jul 22 15:46:10 IST 2018","humidity":"85.7387","lat":36.17,"lng":-119.7462,"photo_sensor":"645.37","radiation_level":"198","sensor_id":"c6698873b4f14b995c9e66ad0d8f29e3","sensor_name":"California","sensor_uuid":"probe-32db9798","timestamp":1504088170}
{"ambient_temperature":"16.47","datetime":"Fri Jul 22 16:12:50 IST 2018","humidity":"72.6550","lat":39.0646,"lng":-105.3272,"photo_sensor":"645.66","radiation_level":"201","sensor_id":"2d5831578ea970d0cfa664ede08b5f3c","sensor_name":"Colorado","sensor_uuid":"probe-9d3f7e3b","timestamp":1504089770}
{"ambient_temperature":"18.69","datetime":"Fri Jul 22 16:43:32 IST 2018","humidity":"79.8335","lat":36.17,"lng":-119.7462,"photo_sensor":"645.68","radiation_level":"202","sensor_id":"c6698873b4f14b995c9e66ad0d8f29e3","sensor_name":"California","sensor_uuid":"probe-ce1b5302","timestamp":1504091612}
{"ambient_temperature":"16.76","datetime":"Fri Jul 22 15:30:27 IST 2018","humidity":"83.1877","lat":39.0646,"lng":-105.3272,"photo_sensor":"645.69","radiation_level":"197","sensor_id":"2d5831578ea970d0cfa664ede08b5f3c","sensor_name":"Colorado","sensor_uuid":"probe-336938ae","timestamp":1504087227}
{"ambient_temperature":"31.30","datetime":"Fri Jul 22 16:13:11 IST 2018","humidity":"78.1149","lat":39.0646,"lng":-105.3272,"photo_sensor":"646.13","radiation_level":"201","sensor_id":"2d5831578ea970d0cfa664ede08b5f3c","sensor_name":"Colorado","sensor_uuid":"probe-09a85b7f","timestamp":1504089791}
{"ambient_temperature":"31.30","datetime":"Fri Jul 22 16:13:11 IST 2018","humidity":"78.1149","lat":36.17,"lng":-119.7462,"photo_sensor":"646.13","radiation_level":"201","sensor_id":"c6698873b4f14b995c9e66ad0d8f29e3","sensor_name":"California","sensor_uuid":"probe-09a85b7f","timestamp":1504089791}
{"ambient_temperature":"22.87","datetime":"Fri Jul 22 15:49:07 IST 2018","humidity":"82.0201","lat":36.17,"lng":-119.7462,"photo_sensor":"646.48","radiation_level":"195","sensor_id":"c6698873b4f14b995c9e66ad0d8f29e3","sensor_name":"California","sensor_uuid":"probe-f32eb6df","timestamp":1504088347}
{"ambient_temperature":"22.42","datetime":"Fri Jul 22 15:49:31 IST 2018","humidity":"83.6991","lat":36.17,"lng":-119.7462,"photo_sensor":"646.66","radiation_level":"199","sensor_id":"c6698873b4f14b995c9e66ad0d8f29e3","sensor_name":"California","sensor_uuid":"probe-024a29f3","timestamp":1504088371}
{"ambient_temperature":"28.16","datetime":"Fri Jul 22 16:16:28 IST 2018","humidity":"82.1822","lat":39.0646,"lng":-105.3272,"photo_sensor":"647.01","radiation_level":"203","sensor_id":"2d5831578ea970d0cfa664ede08b5f3c","sensor_name":"Colorado","sensor_uuid":"probe-8a1cf629","timestamp":1504089988}
{"ambient_temperature":"35.50","datetime":"Fri Jul 22 16:49:31 IST 2018","humidity":"81.9214","lat":39.0646,"lng":-105.3272,"photo_sensor":"647.14","radiation_level":"199","sensor_id":"2d5831578ea970d0cfa664ede08b5f3c","sensor_name":"Colorado","sensor_uuid":"probe-bb656d0b","timestamp":1504091971}
{"ambient_temperature":"35.50","datetime":"Fri Jul 22 16:49:31 IST 2018","humidity":"81.9214","lat":36.17,"lng":-119.7462,"photo_sensor":"647.14","radiation_level":"199","sensor_id":"c6698873b4f14b995c9e66ad0d8f29e3","sensor_name":"California","sensor_uuid":"probe-bb656d0b","timestamp":1504091971}
{"ambient_temperature":"16.85","datetime":"Fri Jul 22 16:21:21 IST 2018","humidity":"79.8936","lat":39.0646,"lng":-105.3272,"photo_sensor":"647.18","radiation_level":"198","sensor_id":"2d5831578ea970d0cfa664ede08b5f3c","sensor_name":"Colorado","sensor_uuid":"probe-3255487a","timestamp":1504090281}
{"ambient_temperature":"24.13","datetime":"Fri Jul 22 19:10:18 IST 2018","humidity":"79.6069","lat":36.17,"lng":-119.7462,"photo_sensor":"647.62","radiation_level":"200","sensor_id":"c6698873b4f14b995c9e66ad0d8f29e3","sensor_name":"California","sensor_uuid":"probe-ecf9f306","timestamp":1504100418}
{"ambient_temperature":"10.78","datetime":"Fri Jul 22 17:11:03 IST 2018","humidity":"83.3226","lat":36.17,"lng":-119.7462,"photo_sensor":"647.67","radiation_level":"200","sensor_id":"c6698873b4f14b995c9e66ad0d8f29e3","sensor_name":"California","sensor_uuid":"probe-47352348","timestamp":1504093263}
{"ambient_temperature":"21.86","datetime":"Fri Jul 22 16:11:21 IST 2018","humidity":"75.5385","lat":39.0646,"lng":-105.3272,"photo_sensor":"647.71","radiation_level":"202","sensor_id":"2d5831578ea970d0cfa664ede08b5f3c","sensor_name":"Colorado","sensor_uuid":"probe-8c911f88","timestamp":1504089681}
{"ambient_temperature":"21.86","datetime":"Fri Jul 22 16:11:21 IST 2018","humidity":"75.5385","lat":36.17,"lng":-119.7462,"photo_sensor":"647.71","radiation_level":"202","sensor_id":"c6698873b4f14b995c9e66ad0d8f29e3","sensor_name":"California","sensor_uuid":"probe-8c911f88","timestamp":1504089681}
{"ambient_temperature":"12.95","datetime":"Fri Jul 22 17:25:34 IST 2018","humidity":"84.6773","lat":36.17,"lng":-119.7462,"photo_sensor":"648.19","radiation_level":"197","sensor_id":"c6698873b4f14b995c9e66ad0d8f29e3","sensor_name":"California","sensor_uuid":"probe-3bd77486","timestamp":1504094134}
{"ambient_temperature":"16.19","datetime":"Fri Jul 22 16:12:41 IST 2018","humidity":"81.6261","lat":39.0646,"lng":-105.3272,"photo_sensor":"648.51","radiation_level":"198","sensor_id":"2d5831578ea970d0cfa664ede08b5f3c","sensor_name":"Colorado","sensor_uuid":"probe-b330d29b","timestamp":1504089761}
{"ambient_temperature":"16.19","datetime":"Fri Jul 22 16:12:41 IST 2018","humidity":"81.6261","lat":36.17,"lng":-119.7462,"photo_sensor":"648.51","radiation_level":"198","sensor_id":"c6698873b4f14b995c9e66ad0d8f29e3","sensor_name":"California","sensor_uuid":"probe-b330d29b","timestamp":1504089761}
{"ambient_temperature":"17.95","datetime":"Fri Jul 22 17:57:13 IST 2018","humidity":"77.7519","lat":36.17,"lng":-119.7462,"photo_sensor":"648.66","radiation_level":"200","sensor_id":"c6698873b4f14b995c9e66ad0d8f29e3","sensor_name":"California","sensor_uuid":"probe-99214554","timestamp":1504096033}
{"ambient_temperature":"19.97","datetime":"Fri Jul 22 17:04:36 IST 2018","humidity":"84.3342","lat":36.17,"lng":-119.7462,"photo_sensor":"649.05","radiation_level":"199","sensor_id":"c6698873b4f14b995c9e66ad0d8f29e3","sensor_name":"California","sensor_uuid":"probe-0db4b795","timestamp":1504092876}
{"ambient_temperature":"25.50","datetime":"Fri Jul 22 18:50:27 IST 2018","humidity":"80.1715","lat":36.17,"lng":-119.7462,"photo_sensor":"649.06","radiation_level":"199","sensor_id":"c6698873b4f14b995c9e66ad0d8f29e3","sensor_name":"California","sensor_uuid":"probe-92d83654","timestamp":1504099227}
{"ambient_temperature":"12.41","datetime":"Fri Jul 22 16:46:55 IST 2018","humidity":"82.7431","lat":39.0646,"lng":-105.3272,"photo_sensor":"649.31","radiation_level":"200","sensor_id":"2d5831578ea970d0cfa664ede08b5f3c","sensor_name":"Colorado","sensor_uuid":"probe-e71f198b","timestamp":1504091815}
{"ambient_temperature":"12.41","datetime":"Fri Jul 22 16:46:55 IST 2018","humidity":"82.7431","lat":36.17,"lng":-119.7462,"photo_sensor":"649.31","radiation_level":"200","sensor_id":"c6698873b4f14b995c9e66ad0d8f29e3","sensor_name":"California","sensor_uuid":"probe-e71f198b","timestamp":1504091815}
{"ambient_temperature":"18.63","datetime":"Fri Jul 22 18:40:21 IST 2018","humidity":"76.0504","lat":36.17,"lng":-119.7462,"photo_sensor":"649.59","radiation_level":"199","sensor_id":"c6698873b4f14b995c9e66ad0d8f29e3","sensor_name":"California","sensor_uuid":"probe-e810b08c","timestamp":1504098621}
{"ambient_temperature":"17.77","datetime":"Fri Jul 22 18:09:02 IST 2018","humidity":"74.0678","lat":36.17,"lng":-119.7462,"photo_sensor":"649.63","radiation_level":"197","sensor_id":"c6698873b4f14b995c9e66ad0d8f29e3","sensor_name":"California","sensor_uuid":"probe-4e126dd8","timestamp":1504096742}
{"ambient_temperature":"23.18","datetime":"Fri Jul 22 17:17:32 IST 2018","humidity":"79.1665","lat":36.17,"lng":-119.7462,"photo_sensor":"649.94","radiation_level":"198","sensor_id":"c6698873b4f14b995c9e66ad0d8f29e3","sensor_name":"California","sensor_uuid":"probe-b30225a6","timestamp":1504093652}
{"ambient_temperature":"16.90","datetime":"Fri Jul 22 16:36:22 IST 2018","humidity":"76.1441","lat":39.0646,"lng":-105.3272,"photo_sensor":"650.91","radiation_level":"201","sensor_id":"2d5831578ea970d0cfa664ede08b5f3c","sensor_name":"Colorado","sensor_uuid":"probe-3a967226","timestamp":1504091182}
{"ambient_temperature":"16.90","datetime":"Fri Jul 22 16:36:22 IST 2018","humidity":"76.1441","lat":36.17,"lng":-119.7462,"photo_sensor":"650.91","radiation_level":"201","sensor_id":"c6698873b4f14b995c9e66ad0d8f29e3","sensor_name":"California","sensor_uuid":"probe-3a967226","timestamp":1504091182}