{
  "pipelineConfig" : {
    "schemaVersion" : 5,
    "version" : 9,
    "pipelineId" : "Pipe36855333c-39e1-4655-92d2-02f515dda6c9",
    "title" : "Pipe4",
    "description" : "Armazenamento de Dados no Data Lake",
    "uuid" : "78c3c94a-37f7-4428-a169-ffa6531c14e2",
    "configuration" : [ {
      "name" : "executionMode",
      "value" : "STANDALONE"
    }, {
      "name" : "edgeHttpUrl",
      "value" : "http://localhost:18633"
    }, {
      "name" : "deliveryGuarantee",
      "value" : "AT_LEAST_ONCE"
    }, {
      "name" : "startEventStage",
      "value" : "streamsets-datacollector-basic-lib::com_streamsets_pipeline_stage_destination_devnull_ToErrorNullDTarget::1"
    }, {
      "name" : "stopEventStage",
      "value" : "streamsets-datacollector-basic-lib::com_streamsets_pipeline_stage_destination_devnull_ToErrorNullDTarget::1"
    }, {
      "name" : "shouldRetry",
      "value" : true
    }, {
      "name" : "retryAttempts",
      "value" : -1
    }, {
      "name" : "memoryLimit",
      "value" : "${jvm:maxMemoryMB() * 0.85}"
    }, {
      "name" : "memoryLimitExceeded",
      "value" : "LOG"
    }, {
      "name" : "notifyOnStates",
      "value" : [ "RUN_ERROR", "STOPPED", "FINISHED" ]
    }, {
      "name" : "emailIDs",
      "value" : [ ]
    }, {
      "name" : "constants",
      "value" : [ ]
    }, {
      "name" : "badRecordsHandling",
      "value" : "streamsets-datacollector-basic-lib::com_streamsets_pipeline_stage_destination_recordstolocalfilesystem_ToErrorLocalFSDTarget::1"
    }, {
      "name" : "errorRecordPolicy",
      "value" : "ORIGINAL_RECORD"
    }, {
      "name" : "workerCount",
      "value" : 0
    }, {
      "name" : "clusterSlaveMemory",
      "value" : 2048
    }, {
      "name" : "clusterSlaveJavaOpts",
      "value" : "-XX:+UseConcMarkSweepGC -XX:+UseParNewGC -Dlog4j.debug"
    }, {
      "name" : "clusterLauncherEnv",
      "value" : [ ]
    }, {
      "name" : "mesosDispatcherURL",
      "value" : null
    }, {
      "name" : "hdfsS3ConfDir",
      "value" : null
    }, {
      "name" : "rateLimit",
      "value" : 0
    }, {
      "name" : "maxRunners",
      "value" : 0
    }, {
      "name" : "shouldCreateFailureSnapshot",
      "value" : true
    }, {
      "name" : "runnerIdleTIme",
      "value" : 60
    }, {
      "name" : "webhookConfigs",
      "value" : [ ]
    }, {
      "name" : "sparkConfigs",
      "value" : [ ]
    }, {
      "name" : "statsAggregatorStage",
      "value" : ""
    } ],
    "uiInfo" : {
      "previewConfig" : {
        "previewSource" : "CONFIGURED_SOURCE",
        "batchSize" : 10,
        "timeout" : 30000,
        "writeToDestinations" : false,
        "executeLifecycleEvents" : false,
        "showHeader" : false,
        "showFieldType" : true,
        "rememberMe" : false
      }
    },
    "fragments" : [ ],
    "stages" : [ {
      "instanceName" : "KafkaConsumer_01",
      "library" : "streamsets-datacollector-hdp_2_6-lib",
      "stageName" : "com_streamsets_pipeline_stage_origin_kafka_KafkaDSource",
      "stageVersion" : "5",
      "configuration" : [ {
        "name" : "kafkaConfigBean.dataFormatConfig.filePatternInArchive",
        "value" : "*"
      }, {
        "name" : "kafkaConfigBean.dataFormatConfig.charset",
        "value" : "UTF-8"
      }, {
        "name" : "kafkaConfigBean.dataFormatConfig.removeCtrlChars",
        "value" : false
      }, {
        "name" : "kafkaConfigBean.dataFormatConfig.textMaxLineLen",
        "value" : 1024
      }, {
        "name" : "kafkaConfigBean.dataFormatConfig.useCustomDelimiter",
        "value" : false
      }, {
        "name" : "kafkaConfigBean.dataFormatConfig.customDelimiter",
        "value" : "\\r\\n"
      }, {
        "name" : "kafkaConfigBean.dataFormatConfig.includeCustomDelimiterInTheText",
        "value" : false
      }, {
        "name" : "kafkaConfigBean.dataFormatConfig.jsonContent",
        "value" : "MULTIPLE_OBJECTS"
      }, {
        "name" : "kafkaConfigBean.dataFormatConfig.jsonMaxObjectLen",
        "value" : 4096
      }, {
        "name" : "kafkaConfigBean.dataFormatConfig.csvFileFormat",
        "value" : "CSV"
      }, {
        "name" : "kafkaConfigBean.dataFormatConfig.csvHeader",
        "value" : "NO_HEADER"
      }, {
        "name" : "kafkaConfigBean.dataFormatConfig.csvAllowExtraColumns",
        "value" : false
      }, {
        "name" : "kafkaConfigBean.dataFormatConfig.csvExtraColumnPrefix",
        "value" : "_extra_"
      }, {
        "name" : "kafkaConfigBean.dataFormatConfig.csvMaxObjectLen",
        "value" : 1024
      }, {
        "name" : "kafkaConfigBean.dataFormatConfig.csvCustomDelimiter",
        "value" : "|"
      }, {
        "name" : "kafkaConfigBean.dataFormatConfig.csvCustomEscape",
        "value" : "\\"
      }, {
        "name" : "kafkaConfigBean.dataFormatConfig.csvCustomQuote",
        "value" : "\""
      }, {
        "name" : "kafkaConfigBean.dataFormatConfig.csvEnableComments",
        "value" : false
      }, {
        "name" : "kafkaConfigBean.dataFormatConfig.csvCommentMarker",
        "value" : "#"
      }, {
        "name" : "kafkaConfigBean.dataFormatConfig.csvIgnoreEmptyLines",
        "value" : true
      }, {
        "name" : "kafkaConfigBean.dataFormatConfig.csvRecordType",
        "value" : "LIST_MAP"
      }, {
        "name" : "kafkaConfigBean.dataFormatConfig.csvSkipStartLines",
        "value" : 0
      }, {
        "name" : "kafkaConfigBean.dataFormatConfig.parseNull",
        "value" : false
      }, {
        "name" : "kafkaConfigBean.dataFormatConfig.nullConstant",
        "value" : "\\\\N"
      }, {
        "name" : "kafkaConfigBean.dataFormatConfig.xmlRecordElement",
        "value" : null
      }, {
        "name" : "kafkaConfigBean.dataFormatConfig.includeFieldXpathAttributes",
        "value" : false
      }, {
        "name" : "kafkaConfigBean.dataFormatConfig.xPathNamespaceContext",
        "value" : [ ]
      }, {
        "name" : "kafkaConfigBean.dataFormatConfig.outputFieldAttributes",
        "value" : false
      }, {
        "name" : "kafkaConfigBean.dataFormatConfig.xmlMaxObjectLen",
        "value" : 4096
      }, {
        "name" : "kafkaConfigBean.dataFormatConfig.logMode",
        "value" : "COMMON_LOG_FORMAT"
      }, {
        "name" : "kafkaConfigBean.dataFormatConfig.logMaxObjectLen",
        "value" : 1024
      }, {
        "name" : "kafkaConfigBean.dataFormatConfig.retainOriginalLine",
        "value" : false
      }, {
        "name" : "kafkaConfigBean.dataFormatConfig.customLogFormat",
        "value" : "%h %l %u %t \"%r\" %>s %b"
      }, {
        "name" : "kafkaConfigBean.dataFormatConfig.regex",
        "value" : "^(\\S+) (\\S+) (\\S+) \\[([\\w:/]+\\s[+\\-]\\d{4})\\] \"(\\S+) (\\S+) (\\S+)\" (\\d{3}) (\\d+)"
      }, {
        "name" : "kafkaConfigBean.dataFormatConfig.fieldPathsToGroupName",
        "value" : [ {
          "fieldPath" : "/",
          "group" : 1
        } ]
      }, {
        "name" : "kafkaConfigBean.dataFormatConfig.grokPatternDefinition",
        "value" : null
      }, {
        "name" : "kafkaConfigBean.dataFormatConfig.grokPattern",
        "value" : "%{COMMONAPACHELOG}"
      }, {
        "name" : "kafkaConfigBean.dataFormatConfig.onParseError",
        "value" : "ERROR"
      }, {
        "name" : "kafkaConfigBean.dataFormatConfig.maxStackTraceLines",
        "value" : 50
      }, {
        "name" : "kafkaConfigBean.dataFormatConfig.enableLog4jCustomLogFormat",
        "value" : false
      }, {
        "name" : "kafkaConfigBean.dataFormatConfig.log4jCustomLogFormat",
        "value" : "%r [%t] %-5p %c %x - %m%n"
      }, {
        "name" : "kafkaConfigBean.dataFormatConfig.avroSchemaSource",
        "value" : null
      }, {
        "name" : "kafkaConfigBean.dataFormatConfig.avroSchema",
        "value" : null
      }, {
        "name" : "kafkaConfigBean.dataFormatConfig.schemaRegistryUrls",
        "value" : [ ]
      }, {
        "name" : "kafkaConfigBean.dataFormatConfig.schemaLookupMode",
        "value" : "SUBJECT"
      }, {
        "name" : "kafkaConfigBean.dataFormatConfig.subject",
        "value" : null
      }, {
        "name" : "kafkaConfigBean.dataFormatConfig.schemaId",
        "value" : null
      }, {
        "name" : "kafkaConfigBean.dataFormatConfig.protoDescriptorFile",
        "value" : null
      }, {
        "name" : "kafkaConfigBean.dataFormatConfig.messageType",
        "value" : null
      }, {
        "name" : "kafkaConfigBean.dataFormatConfig.isDelimited",
        "value" : true
      }, {
        "name" : "kafkaConfigBean.dataFormatConfig.binaryMaxObjectLen",
        "value" : 1024
      }, {
        "name" : "kafkaConfigBean.dataFormatConfig.datagramMode",
        "value" : "SYSLOG"
      }, {
        "name" : "kafkaConfigBean.dataFormatConfig.typesDbPath",
        "value" : null
      }, {
        "name" : "kafkaConfigBean.dataFormatConfig.convertTime",
        "value" : false
      }, {
        "name" : "kafkaConfigBean.dataFormatConfig.excludeInterval",
        "value" : true
      }, {
        "name" : "kafkaConfigBean.dataFormatConfig.authFilePath",
        "value" : null
      }, {
        "name" : "kafkaConfigBean.dataFormatConfig.netflowOutputValuesMode",
        "value" : "RAW_AND_INTERPRETED"
      }, {
        "name" : "kafkaConfigBean.dataFormatConfig.maxTemplateCacheSize",
        "value" : -1
      }, {
        "name" : "kafkaConfigBean.dataFormatConfig.templateCacheTimeoutMs",
        "value" : -1
      }, {
        "name" : "kafkaConfigBean.dataFormatConfig.netflowOutputValuesModeDatagram",
        "value" : "RAW_AND_INTERPRETED"
      }, {
        "name" : "kafkaConfigBean.dataFormatConfig.maxTemplateCacheSizeDatagram",
        "value" : -1
      }, {
        "name" : "kafkaConfigBean.dataFormatConfig.templateCacheTimeoutMsDatagram",
        "value" : -1
      }, {
        "name" : "kafkaConfigBean.dataFormatConfig.wholeFileMaxObjectLen",
        "value" : 8192
      }, {
        "name" : "kafkaConfigBean.dataFormatConfig.rateLimit",
        "value" : "-1"
      }, {
        "name" : "kafkaConfigBean.dataFormatConfig.verifyChecksum",
        "value" : false
      }, {
        "name" : "kafkaConfigBean.dataFormat",
        "value" : "JSON"
      }, {
        "name" : "kafkaConfigBean.metadataBrokerList",
        "value" : "localhost:9092"
      }, {
        "name" : "kafkaConfigBean.zookeeperConnect",
        "value" : "localhost:2181"
      }, {
        "name" : "kafkaConfigBean.consumerGroup",
        "value" : "streamsetsDataCollector"
      }, {
        "name" : "kafkaConfigBean.topic",
        "value" : "rdbms"
      }, {
        "name" : "kafkaConfigBean.produceSingleRecordPerMessage",
        "value" : false
      }, {
        "name" : "kafkaConfigBean.maxBatchSize",
        "value" : 1000
      }, {
        "name" : "kafkaConfigBean.maxWaitTime",
        "value" : 2000
      }, {
        "name" : "kafkaConfigBean.maxRatePerPartition",
        "value" : 1000
      }, {
        "name" : "kafkaConfigBean.keyDeserializer",
        "value" : "STRING"
      }, {
        "name" : "kafkaConfigBean.valueDeserializer",
        "value" : "DEFAULT"
      }, {
        "name" : "kafkaConfigBean.kafkaConsumerConfigs",
        "value" : [ ]
      }, {
        "name" : "stageOnRecordError",
        "value" : "TO_ERROR"
      } ],
      "uiInfo" : {
        "yPos" : 41,
        "stageType" : "SOURCE",
        "rawSource" : {
          "configuration" : [ {
            "name" : "brokerHost",
            "value" : "localhost"
          }, {
            "name" : "brokerPort",
            "value" : 9092
          }, {
            "name" : "topic",
            "value" : "myTopic"
          }, {
            "name" : "partition",
            "value" : 0
          }, {
            "name" : "maxWaitTime",
            "value" : 1000
          } ]
        },
        "description" : "",
        "label" : "Kafka Consumer 1",
        "xPos" : 179
      },
      "inputLanes" : [ ],
      "outputLanes" : [ "KafkaConsumer_01OutputLane15322801596900" ],
      "eventLanes" : [ ],
      "services" : [ ]
    }, {
      "instanceName" : "HadoopFS_01",
      "library" : "streamsets-datacollector-hdp_2_6-lib",
      "stageName" : "com_streamsets_pipeline_stage_destination_hdfs_HdfsDTarget",
      "stageVersion" : "4",
      "configuration" : [ {
        "name" : "hdfsTargetConfigBean.uniquePrefix",
        "value" : "sdc-${sdc:id()}"
      }, {
        "name" : "hdfsTargetConfigBean.fileNameSuffix",
        "value" : null
      }, {
        "name" : "hdfsTargetConfigBean.dirPathTemplateInHeader",
        "value" : false
      }, {
        "name" : "hdfsTargetConfigBean.dirPathTemplate",
        "value" : "/tmp/out/${YYYY()}-${MM()}-${DD()}-${hh()}"
      }, {
        "name" : "hdfsTargetConfigBean.timeZoneID",
        "value" : "UTC"
      }, {
        "name" : "hdfsTargetConfigBean.timeDriver",
        "value" : "${time:now()}"
      }, {
        "name" : "hdfsTargetConfigBean.maxRecordsPerFile",
        "value" : 0
      }, {
        "name" : "hdfsTargetConfigBean.maxFileSize",
        "value" : 0
      }, {
        "name" : "hdfsTargetConfigBean.idleTimeout",
        "value" : "${1 * HOURS}"
      }, {
        "name" : "hdfsTargetConfigBean.compression",
        "value" : "NONE"
      }, {
        "name" : "hdfsTargetConfigBean.otherCompression",
        "value" : null
      }, {
        "name" : "hdfsTargetConfigBean.fileType",
        "value" : "TEXT"
      }, {
        "name" : "hdfsTargetConfigBean.keyEl",
        "value" : "${uuid()}"
      }, {
        "name" : "hdfsTargetConfigBean.seqFileCompressionType",
        "value" : "BLOCK"
      }, {
        "name" : "hdfsTargetConfigBean.lateRecordsLimit",
        "value" : "${1 * HOURS}"
      }, {
        "name" : "hdfsTargetConfigBean.rollIfHeader",
        "value" : false
      }, {
        "name" : "hdfsTargetConfigBean.rollHeaderName",
        "value" : "roll"
      }, {
        "name" : "hdfsTargetConfigBean.lateRecordsAction",
        "value" : "SEND_TO_ERROR"
      }, {
        "name" : "hdfsTargetConfigBean.lateRecordsDirPathTemplate",
        "value" : "/tmp/late/${YYYY()}-${MM()}-${DD()}"
      }, {
        "name" : "hdfsTargetConfigBean.dataFormat",
        "value" : "JSON"
      }, {
        "name" : "hdfsTargetConfigBean.hdfsPermissionCheck",
        "value" : true
      }, {
        "name" : "hdfsTargetConfigBean.permissionEL",
        "value" : null
      }, {
        "name" : "hdfsTargetConfigBean.skipOldTempFileRecovery",
        "value" : false
      }, {
        "name" : "hdfsTargetConfigBean.dataGeneratorFormatConfig.charset",
        "value" : "UTF-8"
      }, {
        "name" : "hdfsTargetConfigBean.dataGeneratorFormatConfig.csvFileFormat",
        "value" : "CSV"
      }, {
        "name" : "hdfsTargetConfigBean.dataGeneratorFormatConfig.csvHeader",
        "value" : "NO_HEADER"
      }, {
        "name" : "hdfsTargetConfigBean.dataGeneratorFormatConfig.csvReplaceNewLines",
        "value" : true
      }, {
        "name" : "hdfsTargetConfigBean.dataGeneratorFormatConfig.csvReplaceNewLinesString",
        "value" : " "
      }, {
        "name" : "hdfsTargetConfigBean.dataGeneratorFormatConfig.csvCustomDelimiter",
        "value" : "|"
      }, {
        "name" : "hdfsTargetConfigBean.dataGeneratorFormatConfig.csvCustomEscape",
        "value" : "\\"
      }, {
        "name" : "hdfsTargetConfigBean.dataGeneratorFormatConfig.csvCustomQuote",
        "value" : "\""
      }, {
        "name" : "hdfsTargetConfigBean.dataGeneratorFormatConfig.jsonMode",
        "value" : "MULTIPLE_OBJECTS"
      }, {
        "name" : "hdfsTargetConfigBean.dataGeneratorFormatConfig.textFieldPath",
        "value" : "/text"
      }, {
        "name" : "hdfsTargetConfigBean.dataGeneratorFormatConfig.textRecordSeparator",
        "value" : "\\n"
      }, {
        "name" : "hdfsTargetConfigBean.dataGeneratorFormatConfig.textFieldMissingAction",
        "value" : "ERROR"
      }, {
        "name" : "hdfsTargetConfigBean.dataGeneratorFormatConfig.textEmptyLineIfNull",
        "value" : false
      }, {
        "name" : "hdfsTargetConfigBean.dataGeneratorFormatConfig.avroSchemaSource",
        "value" : null
      }, {
        "name" : "hdfsTargetConfigBean.dataGeneratorFormatConfig.avroSchema",
        "value" : null
      }, {
        "name" : "hdfsTargetConfigBean.dataGeneratorFormatConfig.registerSchema",
        "value" : false
      }, {
        "name" : "hdfsTargetConfigBean.dataGeneratorFormatConfig.schemaRegistryUrlsForRegistration",
        "value" : [ ]
      }, {
        "name" : "hdfsTargetConfigBean.dataGeneratorFormatConfig.schemaRegistryUrls",
        "value" : [ ]
      }, {
        "name" : "hdfsTargetConfigBean.dataGeneratorFormatConfig.schemaLookupMode",
        "value" : "SUBJECT"
      }, {
        "name" : "hdfsTargetConfigBean.dataGeneratorFormatConfig.subject",
        "value" : null
      }, {
        "name" : "hdfsTargetConfigBean.dataGeneratorFormatConfig.subjectToRegister",
        "value" : null
      }, {
        "name" : "hdfsTargetConfigBean.dataGeneratorFormatConfig.schemaId",
        "value" : null
      }, {
        "name" : "hdfsTargetConfigBean.dataGeneratorFormatConfig.avroCompression",
        "value" : "NULL"
      }, {
        "name" : "hdfsTargetConfigBean.dataGeneratorFormatConfig.binaryFieldPath",
        "value" : "/"
      }, {
        "name" : "hdfsTargetConfigBean.dataGeneratorFormatConfig.protoDescriptorFile",
        "value" : null
      }, {
        "name" : "hdfsTargetConfigBean.dataGeneratorFormatConfig.messageType",
        "value" : null
      }, {
        "name" : "hdfsTargetConfigBean.dataGeneratorFormatConfig.fileNameEL",
        "value" : null
      }, {
        "name" : "hdfsTargetConfigBean.dataGeneratorFormatConfig.wholeFileExistsAction",
        "value" : "TO_ERROR"
      }, {
        "name" : "hdfsTargetConfigBean.dataGeneratorFormatConfig.includeChecksumInTheEvents",
        "value" : false
      }, {
        "name" : "hdfsTargetConfigBean.dataGeneratorFormatConfig.checksumAlgorithm",
        "value" : "MD5"
      }, {
        "name" : "hdfsTargetConfigBean.dataGeneratorFormatConfig.xmlPrettyPrint",
        "value" : true
      }, {
        "name" : "hdfsTargetConfigBean.dataGeneratorFormatConfig.xmlValidateSchema",
        "value" : false
      }, {
        "name" : "hdfsTargetConfigBean.dataGeneratorFormatConfig.xmlSchema",
        "value" : null
      }, {
        "name" : "hdfsTargetConfigBean.hdfsUri",
        "value" : "hdfs://ip-172-31-2-34.us-east-2.compute.internal:19000"
      }, {
        "name" : "hdfsTargetConfigBean.hdfsUser",
        "value" : null
      }, {
        "name" : "hdfsTargetConfigBean.hdfsKerberos",
        "value" : false
      }, {
        "name" : "hdfsTargetConfigBean.hdfsConfDir",
        "value" : "/opt/hadoop/etc/hadoop"
      }, {
        "name" : "hdfsTargetConfigBean.hdfsConfigs",
        "value" : [ { } ]
      }, {
        "name" : "stageOnRecordError",
        "value" : "TO_ERROR"
      }, {
        "name" : "stageRequiredFields",
        "value" : [ ]
      }, {
        "name" : "stageRecordPreconditions",
        "value" : [ ]
      } ],
      "uiInfo" : {
        "description" : "",
        "label" : "Data Lake - HDFS",
        "xPos" : 624.7333374023438,
        "yPos" : 32.578948974609375,
        "stageType" : "TARGET"
      },
      "inputLanes" : [ "KafkaConsumer_01OutputLane15322801596900" ],
      "outputLanes" : [ ],
      "eventLanes" : [ ],
      "services" : [ ]
    } ],
    "errorStage" : {
      "instanceName" : "WritetoFile_ErrorStage",
      "library" : "streamsets-datacollector-basic-lib",
      "stageName" : "com_streamsets_pipeline_stage_destination_recordstolocalfilesystem_ToErrorLocalFSDTarget",
      "stageVersion" : "1",
      "configuration" : [ {
        "name" : "directory",
        "value" : "/tmp/erros"
      }, {
        "name" : "uniquePrefix",
        "value" : "sdc-${sdc:id()}"
      }, {
        "name" : "rotationIntervalSecs",
        "value" : "${1 * HOURS}"
      }, {
        "name" : "maxFileSizeMbs",
        "value" : 512
      } ],
      "uiInfo" : {
        "description" : "",
        "label" : "Error Records - Write to File",
        "xPos" : 962,
        "yPos" : 50,
        "stageType" : "TARGET"
      },
      "inputLanes" : [ ],
      "outputLanes" : [ ],
      "eventLanes" : [ ],
      "services" : [ ]
    },
    "info" : {
      "pipelineId" : "Pipe36855333c-39e1-4655-92d2-02f515dda6c9",
      "title" : "Pipe4",
      "description" : "Armazenamento de Dados no Data Lake",
      "created" : 1532280154521,
      "lastModified" : 1532314916492,
      "creator" : "admin",
      "lastModifier" : "admin",
      "lastRev" : "0",
      "uuid" : "78c3c94a-37f7-4428-a169-ffa6531c14e2",
      "valid" : true,
      "metadata" : {
        "labels" : [ ]
      },
      "name" : "Pipe36855333c-39e1-4655-92d2-02f515dda6c9",
      "sdcVersion" : "3.3.1",
      "sdcId" : "f0a954a4-8d4c-11e8-af07-2bf0922c5b5b"
    },
    "metadata" : {
      "labels" : [ ]
    },
    "statsAggregatorStage" : null,
    "startEventStages" : [ {
      "instanceName" : "Discard_StartEventStage",
      "library" : "streamsets-datacollector-basic-lib",
      "stageName" : "com_streamsets_pipeline_stage_destination_devnull_ToErrorNullDTarget",
      "stageVersion" : "1",
      "configuration" : [ ],
      "uiInfo" : {
        "description" : "",
        "label" : "Start Event - Discard",
        "xPos" : 280,
        "yPos" : 50,
        "stageType" : "TARGET"
      },
      "inputLanes" : [ ],
      "outputLanes" : [ ],
      "eventLanes" : [ ],
      "services" : [ ]
    } ],
    "stopEventStages" : [ {
      "instanceName" : "Discard_StopEventStage",
      "library" : "streamsets-datacollector-basic-lib",
      "stageName" : "com_streamsets_pipeline_stage_destination_devnull_ToErrorNullDTarget",
      "stageVersion" : "1",
      "configuration" : [ ],
      "uiInfo" : {
        "description" : "",
        "label" : "Stop Event - Discard",
        "xPos" : 280,
        "yPos" : 50,
        "stageType" : "TARGET"
      },
      "inputLanes" : [ ],
      "outputLanes" : [ ],
      "eventLanes" : [ ],
      "services" : [ ]
    } ],
    "valid" : true,
    "issues" : {
      "issueCount" : 0,
      "pipelineIssues" : [ ],
      "stageIssues" : { }
    },
    "previewable" : true
  },
  "pipelineRules" : {
    "schemaVersion" : 3,
    "version" : 2,
    "metricsRuleDefinitions" : [ {
      "id" : "badRecordsAlertID",
      "alertText" : "High incidence of Error Records",
      "metricId" : "pipeline.batchErrorRecords.counter",
      "metricType" : "COUNTER",
      "metricElement" : "COUNTER_COUNT",
      "condition" : "${value() > 100}",
      "sendEmail" : false,
      "enabled" : false,
      "timestamp" : 1532280154539,
      "valid" : true
    }, {
      "id" : "stageErrorAlertID",
      "alertText" : "High incidence of Stage Errors",
      "metricId" : "pipeline.batchErrorMessages.counter",
      "metricType" : "COUNTER",
      "metricElement" : "COUNTER_COUNT",
      "condition" : "${value() > 100}",
      "sendEmail" : false,
      "enabled" : false,
      "timestamp" : 1532280154539,
      "valid" : true
    }, {
      "id" : "idleGaugeID",
      "alertText" : "Pipeline is Idle",
      "metricId" : "RuntimeStatsGauge.gauge",
      "metricType" : "GAUGE",
      "metricElement" : "TIME_OF_LAST_RECEIVED_RECORD",
      "condition" : "${time:now() - value() > 120000}",
      "sendEmail" : false,
      "enabled" : false,
      "timestamp" : 1532280154539,
      "valid" : true
    }, {
      "id" : "batchTimeAlertID",
      "alertText" : "Batch taking more time to process",
      "metricId" : "RuntimeStatsGauge.gauge",
      "metricType" : "GAUGE",
      "metricElement" : "CURRENT_BATCH_AGE",
      "condition" : "${value() > 200}",
      "sendEmail" : false,
      "enabled" : false,
      "timestamp" : 1532280154539,
      "valid" : true
    }, {
      "id" : "memoryLimitAlertID",
      "alertText" : "Memory limit for pipeline exceeded",
      "metricId" : "pipeline.memoryConsumed.counter",
      "metricType" : "COUNTER",
      "metricElement" : "COUNTER_COUNT",
      "condition" : "${value() > (jvm:maxMemoryMB() * 0.65)}",
      "sendEmail" : false,
      "enabled" : false,
      "timestamp" : 1532280154539,
      "valid" : true
    } ],
    "dataRuleDefinitions" : [ ],
    "driftRuleDefinitions" : [ ],
    "uuid" : "8b2c7c14-47ff-44d3-9f80-4027dcb8ce08",
    "configuration" : [ {
      "name" : "emailIDs",
      "value" : [ ]
    }, {
      "name" : "webhookConfigs",
      "value" : [ ]
    } ],
    "ruleIssues" : [ ],
    "configIssues" : [ ]
  },
  "libraryDefinitions" : null
}